{
    "configurations": [
        {
            "name": "Debug postfix_linked",
            "type": "cppdbg",
            "request": "launch",
            "program": "${workspaceFolder}/ADTs/Stack/postfix_linked",
            "args": [],
            "stopAtEntry": true,
            "cwd": "${workspaceFolder}",
            "environment": [],
            "externalConsole": false,
            "MIMode": "gdb",
            "setupCommands": [
                {
                    "description": "Enable pretty-printing for gdb",
                    "text": "-enable-pretty-printing",
                    "ignoreFailures": true
                }
            ],
        },
        {
            "name": "Official",   
            "type": "cppdbg",
            "request": "launch",
            "program": "${workspaceFolder}/Turtle/combined_target",
            // "args": ["Turtle/TTLs/tunnel.ttl"],
            "args": ["Turtle/TTLs/octagon1.ttl", "Turtle/Results/octagon1test.txt"],
            "stopAtEntry": true,
            "cwd": "${workspaceFolder}",
            "environment": [],
            "externalConsole": false,
            "MIMode": "gdb",
            "setupCommands": [
                {
                    "description": "Enable pretty-printing for gdb",
                    "text": "-enable-pretty-printing",
                    "ignoreFailures": true
                }
            ],
            "miDebuggerPath": "/usr/bin/gdb",
            "logging": { 
                "trace": true, 
                "traceResponse": true, 
                "engineLogging": true 
            }
        },
        {
            "name": "Debug interp with GDB",   
            "type": "cppdbg",
            "request": "launch",
            "program": "${workspaceFolder}/Turtle/interp_s",
            "args": ["Turtle/TTLs/octagon1.ttl"], // Adjust for different TTL files
            "stopAtEntry": true,
            "cwd": "${workspaceFolder}",
            "environment": [],
            "externalConsole": false,
            "MIMode": "gdb",
            "setupCommands": [
                {
                    "description": "Enable pretty-printing for gdb",
                    "text": "-enable-pretty-printing",
                    "ignoreFailures": true
                }
            ],
            "miDebuggerPath": "/usr/bin/gdb",
            "logging": { 
                "trace": true, 
                "traceResponse": true, 
                "engineLogging": true 
            }
        },

        {
            "name": "(gdb) Parse Test",
            "type": "cppdbg",
            "request": "launch",
            "program": "${workspaceFolder}/Turtle/parse_withtest", 
            "args": [], 
            "cwd": "${workspaceFolder}",
            "environment": [],
            "externalConsole": false,
            "MIMode": "gdb",
            "miDebuggerPath": "/usr/bin/gdb",
            "setupCommands": [
                {
                    "description": "Enable pretty-printing for gdb",
                    "text": "-enable-pretty-printing",
                    "ignoreFailures": true
                }
            ]
        },
        {
            "name": "(gdb) Turtle",
            "type": "cppdbg",
            "request": "launch",
            "program": "${workspaceFolder}/Turtle/parse_s", 
            "args": ["Turtle/TTLs/seset1.ttl"], 
            "cwd": "${workspaceFolder}",
            "environment": [],
            "externalConsole": false,
            "MIMode": "gdb",
            "miDebuggerPath": "/usr/bin/gdb",
            "setupCommands": [
                {
                    "description": "Enable pretty-printing for gdb",
                    "text": "-enable-pretty-printing",
                    "ignoreFailures": true
                }
            ]
        }
    ]
}